Nome do M√≥dulo,Sistema,Autoria,Tradu√ß√£o,Ano de Lan√ßamento,Tipo,Pre√ßo,Onde adquirir,Imagem,Descri√ß√£o
T√∫neis Fundos Demais,Agn√≥stico,Moira Games,--,2023,One-page dungeon,Gratuito,https://moira-games.itch.io/they-dug-too-deep,https://i.imgur.com/vJvfJnl.png,"An√µes mineradores encontraram uma jazida de pedras preciosas. Infelizmente, sua gan√¢ncia os levou a explorar t√∫neis profundos demais... ao abrir as paredes de um templo profano, o grupo de mineradores liberou uma criatura imortal que dizimou a todos."
Hidden Gods of the Woods,Agn√≥stico,Moira Games,--,2024,One-page dungeon,Gratuito,https://moira-games.itch.io/hidden-gods-of-the-woods,https://img.itch.zone/aW1nLzE1MjAzMzI3LnBuZw==/original/vJ5AC2.png,"""Deuses Escondidos da Floresta"" √© uma masmorra de uma p√°gina, sem sistema espec√≠fico, sobre a explora√ß√£o de uma caverna secreta dominada por alien√≠genas bizarros. Escondida sob uma cabana abandonada, os jogadores ir√£o desvendar a hist√≥ria de um ca√ßador humano perdidamente apaixonado por criaturas de outro mundo. Jogue para descobrir que diabos est√° acontecendo por l√°!"
Beyond the Borderlands #1,Agn√≥stico,Alex Damaceno,--,2020,Hexcrawl,"Pago (USD 5 digital, R$ 19 f√≠sico)","https://www.caramelojogos.com.br/beyond-the-borderlands-edicao-12-fisico-digital
https://gnarledmonster.itch.io/beyond-the-borderlands-1",https://d1vzi28wh99zvq.cloudfront.net/images/17007/445396.png,"Beyond the Borderlands √© um micro-cen√°rio de aventura inspirado no cl√°ssico m√≥dulo de D&D ""B2 - The Keep on the Borderlands"". 

Beyond the Bordelands #1 estabelece o cen√°rio da fortaleza Stronglaw e a regi√£o fronteiri√ßa do Vale Perverso, um mapa hexcrawl que se divide em seis regi√µes cada uma com sua pr√≥pria lista de eventos, rumores e encontros aleat√≥rios. O texto √© sistema-agn√≥stico e foca em oferecer situa√ß√µes abertas ao inv√©s de tramas amarradas, ideal para campanhas de explora√ß√£o estilo sandbox."
Beyond the Borderlands #2,Agn√≥stico,Alex Damaceno,--,2021,Hexcrawl,"Pago (USD 5 digital, R$ 19 f√≠sico)","https://www.caramelojogos.com.br/beyond-the-borderlands-edicao-12-fisico-digital
https://gnarledmonster.itch.io/beyond-the-borderlands-2",https://d1vzi28wh99zvq.cloudfront.net/images/17007/445401.png,"Beyond the Borderlands √© um micro-cen√°rio de aventura inspirado no cl√°ssico m√≥dulo de D&D ""B2 - The Keep on the Borderlands"". Na segunda parte da zine voc√™ conhecer√° melhor a Ravina Sangrenta:

√Årvores brancas de folhagem escarlate se espalham por toda a ravina. Uma cachoeira paira sobre a paisagem, exalando uma atmosfera fresca e doce. Esse lugar n√£o parece t√£o ruim quanto disseram no castelo. No fim do barranco, uma estrutura sinistra contempla os visitantes e os convida com sua boca aberta..."
Beyond the Borderlands #3,Agn√≥stico,Alex Damaceno,--,2023,Megadungeon,"Pago (USD 5 digital, R$ 35 f√≠sico)","https://www.caramelojogos.com.br/beyond-the-borderlands-3-caixa-financiamento
https://gnarledmonster.itch.io/beyond-the-borderlands-3",https://d1vzi28wh99zvq.cloudfront.net/images/17007/508821.jpg,"Explore o Labirinto Vol√∫vel, uma megadungeon procedural com seis n√≠veis que muda de layout e conte√∫do toda sess√£o. Al√©m disso, o zine cont√©m uma lista com 48 itens m√°gicos que podem ser encontrados nas incurs√µes! Esta edi√ß√£o utiliza o m√©todo Cardcrawl de Dungeon Reavers para gerar os n√≠veis da masmorra com apenas um baralho comum e algumas rolagens de dado. Cada n√≠vel possui suas salas, encontros e armadilhas espec√≠ficas, mas o layout das salas e conex√µes entre os n√≠veis √© sempre diferente, trazendo uma experi√™ncia inesperada toda sess√£o!"
Nave Especial de Pesquisa ZEBRA,Agn√≥stico,Hechlok,Nicholas2884,2024,Dungeon,Gratuito,https://nicholas2884.itch.io/zebra-research-vessel-pt,https://i.imgur.com/DQGqVGi.png,"A sua nave recebe um sinal SOS enviado da nave de pesquisa Zebra, que caiu em um planeta pr√≥ximo UP-223S. Os personagens s√£o for√ßados a praticar o resgate usando um pequeno lander planet√°rio, enquanto a sua espa√ßonave mant√©m-se em √≥rbita. Na realidade, o sinal fora enviado por uma ra√ßa alien√≠gena, que tomaram controle da Zebra e obtiveram acesso √† consci√™ncia da tripula√ß√£o gra√ßas a suas habilidades telep√°ticas."
Jornada Sob a Rocha,"Caves & Hexes, Old School Essentials",Marco Fischer,--,2024,Dungeon,Gratuito,https://capitaofischer.itch.io/jornada-sob-a-rocha,https://i.imgur.com/NFE5A6F.png,"Jornada sob a Rocha √© um m√≥dulo de aventura OSR feito para personagens de n√≠vel baixo em jogos de fantasia! Neste material voc√™ vai encontrar:
- Descubra um local misterioso que pode ser facilmente utilizado para uma one-shot ou como parte de uma campanha maior!
- Diferentes origens e rumores que podem ser gerados com a ajuda de tabelas, sendo facilmente adapt√°veis para seu cen√°rio favorito ou campanha caseira.
- Uma pequena masmorra com seus habitantes, perigos e mist√©rios, j√° pronta para ser desbravada!
- Um mapa com descri√ß√µes da regi√£o no entorno da Rocha, ajudando a expandir e inspirar novas aventuras!"
A1 - A Torre Prism√°tica de Farbheritz,d20age,Quiral Alquimista,--,2025,Local de aventura,"Gratuito (digital), Pago (R$ 29, f√≠sico)","https://caramelojogos.itch.io/a1-a-torre-prismtica-de-farbheritz
https://www.caramelojogos.com.br/a-torre-prismatica-de-farbheritz",https://img.itch.zone/aW1hZ2UvMzI3MDAzMS8xOTUyNjQ2Mi5qcGc=/794x1000/ay19Lh.jpg,"Um misterioso alquimista que mora nos arredores pratica bruxarias e diabruras nas noites sem luar. √â poss√≠vel ver nuvens estranhas e luzes multicoloridas de sua torre... Nesta noite ele saiu para a vila vizinha em busca de ingredientes para suas artes ocultas. √â neste √≠nterim que surge a oportunidade de invadir sua sinistra azenha em busca de seus trevosos tesouros! Possuem voc√™s bravura (ou tolice) suficiente para embarcarem nesta aventura?!

Aventura 1 da s√©rie d20age RPG"
DCC #86: A Fenda no C√©u ,Dungeon Crawl Classics,Brendan J. LaSalle,?,"2024, 2025",Funil,Pago (R$ 59),https://loja.laserhead.com.br/sistemas/dungeon-crawl-classics/dcc-86-a-fenda-no-ceu,https://images.tcdn.com.br/img/img_prod/1350258/dcc_86_a_fenda_no_ceu_23_1_ad0a563ab485732edfac77730d3604a4.jpg,"Seu grupo de alde√µes √© encarregado pela Dama de Azul, uma figura misteriosa de poder c√≥smico, a libertar um aliado de uma pris√£o extradimensional. Para isso, voc√™ precisar√° atravessar uma ponte invis√≠vel, saltar em uma fenda no c√©u e escapar dos horrores do carcereiro de uma outra dimens√£o. A recompensa? Uma chance de mudar as estrelas no momento do seu nascimento, alterando seu destino med√≠ocre para sempre. Voc√™ ter√° a coragem necess√°ria para adentrar a Fenda no C√©u?

A Fenda no C√©u √© uma das mais famosas aventuras de n√≠vel 0 para o DCC RPG. Desafie seus jogadores a alterarem o destino dos seus personagens para sempre, ao girar a Roda do Destino‚Ä¶ caso sobrevivam a este funil!"
"DCC Horror #5: Rasteje, Skrag, Rasteje! ",Dungeon Crawl Classics,‚ÄúSpooky‚Äù Stephen Newton,?,"2019, 2025",Funil,Pago (R$ 59),https://loja.laserhead.com.br/sistemas/dungeon-crawl-classics/dcc-horror-5-rasteje-skrag-rasteje,https://images.tcdn.com.br/img/img_prod/1350258/dcc_horror_5_rasteje_skrag_rasteje_9_1_0f65a0a0e1c25b8461080591b11542a9.jpg,"O navio est√° √† deriva e uma tripula√ß√£o est√° morta. Quando os passageiros do Star of Nostro acordam, drogados e amarrados, e descobrem que a tripula√ß√£o est√° desaparecida, come√ßa uma corrida desesperada pela sobreviv√™ncia. O navio foi feito para transportar seu grupo de humildes alde√µes para um futuro melhor. Agora √© um navio-caix√£o cheio de mortes misteriosas, tramas sombrias e um horror √† espreita que n√£o vai parar at√© que tenha se banqueteado com todas as almas. A engenhosidade de seus personagens ser√° r√°pida o suficiente para encontrar um meio de sobreviver, ou voc√™ tamb√©m ser√° v√≠tima do que se arrasta nas sombras?"
DCC #66.5: A Perdi√ß√£o dos Reis Selvagens,Dungeon Crawl Classics,Harley Stroh,Cl√©ber Cust√≥dio Duarte (Geek Translate),2017 ?,Local de aventura,Pago (R$ 49),https://www.ludeka.com.br/RPG018,https://i.imgur.com/Z8ln0pY.png,"Acima dos p√¢ntanos fustigados pelo vento e das florestas sombrias, o vilarejo de Hirot est√° cercado. A cada noite, assim que o sol se p√µe atr√°s das montanhas no oeste e as velas s√£o acesas, um c√£o-dem√¥nio espreita as ruas do vilarejo, liberando sua f√∫ria sobre os vivos. Do senhor da guerra ao mendigo, da anci√£ √† crian√ßa, ningu√©m est√° salvo. Mesmo o Jarl, mestre de Hirto, e seus leais thegns guerreiros s√£o incapazes de parar a besta.

Seguindo o conselho de Sylle Ru, o perverso vidente do Jarl, o povo sacrifica um de seus habitantes a cada tr√™s dias. Em um ritual macabro, a comunidade inteira faz um sorteio; o perdedor marcha at√© os antigos menires para esperar por seu destino. Essa pr√°tica aterradora tem diminu√≠do os ataques do c√£o, mas √© apenas quest√£o de tempo at√© que Hirot encontre sua ru√≠na ‚Äì seja pelas presas do c√£o-dem√¥nio ou pela incompet√™ncia dos seus pr√≥prios l√≠deres."
DCC #79.5: A Torre da P√©rola Negra,Dungeon Crawl Classics,Harley Stroh,Alessandro Jean Loro (Geek Translate),2017 ?,Dungeon,Pago (R$ 49),https://www.ludeka.com.br/RPG024,https://i.imgur.com/lHdQqbD.png,"Uma vez a cada d√©cada, as mar√©s do Oceano Emp√≠reo baixam o suficiente para revelar o topo de uma torre submersa. H√° muito tempo atr√°s, esta era uma fortaleza arcana de Sezrekan, o Antigo, o mais perverso dos magos que j√°  tormentou o Mundo Conhecido. Por√©m, a torre agora s√≥ √© conhecida por ser o local de repouso da fabulosa P√©rola Negra ‚Äì um artefato que dizem trazer a desgra√ßa a quem se atrever a possu√≠-lo.

Hoje, a lua quase preenche o c√©u e as mar√©s come√ßaram a baixar. Os PJs t√™m apenas 8 horas para explorar a torre antes que as √°guas escuras retornem. Infelizmente, um bando de piratas cru√©is tamb√©m est√° se dirigindo at√© ela. Os aventureiros devem ludibriar e subjugar os piratas, escapar de armadilhas antigas e decifrar enigmas arcanos para  alcan√ßar o cen√°culo da Torre. A fabulosa P√©rola Negra ser√° deles‚Ä¶ se eles sobreviverem a sua maldi√ß√£o..."
DCC #81: Aquele Que Observa Debaixo,Dungeon Crawl Classics,Jobe Bitman,Alessandro Jean Loro (Geek Translate),2017 ?,Dungeon,Pago (R$ 49),https://www.ludeka.com.br/RPG019,https://i.imgur.com/zzeqYYA.png,"Os rumores s√£o verdade! A Caverna Secreta dos m√≠sticos possui um tesouro vasto o suficiente para comprar todo o reino sete vezes. Moedas de ouro amontoadas como neve no inverno! Espadas Brilhantes e varinhas incrustadas de joias crepitando de energia arcana! Gemas preciosas do tamanho de seus punhos! A √∫nica coisa entre sua situa√ß√£o atual e uma fabulosa vida de riquezas √© um maldito deus anci√£o adormecido com uma queda por consumir mundos inteiros, um ex√©rcito sem fim de monstruosidades h√≠bridas cultivadas em provetas, um verdadeiro maremoto de olhos descarnados com poderes incr√≠veis, vermes √°cidos gigantes e uma maldi√ß√£o capaz de arrancar seus olhos ainda vivos de seu cr√¢nio. Voc√™ tem coragem de encarar um deus ou seus olhos adornar√£o para sempre os sal√µes do Observador das Profundezas?"
DCC #79: Congelado no Tempo,Dungeon Crawl Classics,Michael Curtis,Daniel Seimetz (Geek Translate),2017 ?,Dungeon,Pago (R$ 49),https://www.ludeka.com.br/RPG023,https://i.imgur.com/zIK69jy.png,"Voc√™ lembra dos bons e velhos tempos, quando as aventuras eram no subterr√¢neo, os NPCs deviam ser mortos e o cl√≠max de toda a masmorra era um drag√£o no 20¬∫ n√≠vel? Esses tempos est√£o de volta. As aventuras de Dungeon Crawl Classics n√£o desperdi√ßam seu tempo com longos discursos, cen√°rios de campanha estranhos ou NPCs que n√£o devem ser mortos. Cada aventura √© composta por 100% de boa e s√≥lida explora√ß√£o de masmorra, com os monstros que voc√™ conhece, as armadilhas de que voc√™ lembra e as portas secretas que voc√™ sabe que est√£o em algum lugar.

‚ÄúCongelado no Tempo‚Äù √© uma aventura criada para 6 personagens de n√≠vel 1 rodeados por um advers√°rio bastante incomum: o ref√∫gio secreto de um viajante do tempo. Esta aventura tamb√©m pode ser usada como um funil para a cria√ß√£o de personagens por Ju√≠zes que buscam narrar uma campanha at√≠pica de Dungeon Crawl Classics."
DCC #74: L√¢minas Contra a Morte,Dungeon Crawl Classics,Harley Stroh,Alessandro Jean Loro (Geek Translate),2017 ?,Local de aventura,Pago (R$ 49),https://www.ludeka.com.br/RPG022,https://i.imgur.com/PamX8Ej.png,"Uma aventura de 4¬∫ n√≠vel por Harley Stroh

Punjar: Homens loucos de olhos esbugalhados vagam pelas ruas anunciando o fim do mundo, cl√©rigos vestindo malhas de a√ßo esmagam os cr√¢nios de pag√£os descal√ßos e virgens inocentes s√£o sacrificadas em templos imundos. Mas nem mesmo o maior dos templos reluzentes ou mais bizarro dos cultos misteriosos ousa desafiar a finitude terr√≠vel de Morte.

At√© agora. Em L√¢minas Contra Morte, os aventureiros cruzar√£o o umbral entre o reino dos vivos e dos mortos e apostar√£o suas vidas na tentativa desesperada de salvar uma alma das garras g√©lidas de Morte. Para vencer o Senhor dos Destinos, voc√™ deve ser ousado, confiante e astuto. E se nada der certo, dever√° estar disposto a testar suas l√¢minas contra Morte!"
DCC #67: Marinheiros do Mar sem Estrelas,Dungeon Crawl Classics,Harley Stroh,Cl√©ber Cust√≥dio Duarte (Geek Translate),2017 ?,Funil,Pago (R$ 49),https://sebodorpg.com.br/produtos/marinheiros-do-mar-sem-estrelas-dungeon-crawl-classics-dcc-rpg/,https://i.imgur.com/YIvrfV8.png,"Desde tempos imemoriais, voc√™ e seu povo tem vivido nas sombras de ruinas cicl√≥picas. De origem misteriosa e fonte de muitas supersti√ß√µes, elas sempre foram consideradas um segredo a ser mantido a dist√¢ncia pelo povo de sua aldeia.

Mas agora algo se move por entre as ru√≠nas desmoronadas. Bestiais uivam a noite e seus compatriotas s√£o arrancados de suas camas. Sem her√≥is para defend√™-los, quem vai se erguer contra o cerco das trevas? Os segredos do Caos est√£o l√° para serem descobertos, mas a que custo para a sua sanidade e a sua alma?

Uma aventura introdut√≥ria para Dungeon Crawl Classics Role Playing Game, Marinheiros do Mar Sem Estrelas coloca um grupo de aventureiros de n√≠vel 0 contra o legado dos Lordes do Caos e suas perversas hordas. Investigando as ru√≠nas, os personagens descobrir√£o criptas antigas, um mar sem estrelas e um zigurate antigo onde morte e tesouros aguardam em igual medida!"
DCC #69: O Feiticeiro Esmeralda,Dungeon Crawl Classics,Joseph Goodman,Maria Luiza Pinto Ribeiro,2022,Local de aventura,Indispon√≠vel,,https://i.imgur.com/Fr1iQc6.png,"Os moradores est√£o desaparecendo - e alguns deles s√£o seus amigos! V√°rias pistas, v√°rias supersti√ß√µes antigas e um punhado de press√°gios vagos apontam para a cidadela meditativa do feiticeiro esmeralda. Este mon√≥lito silencioso permanece intacto no topo de uma cordilheira ventosa h√° s√©culos. As lendas dizem que um feiticeiro de pele verde mora l√°, onde ele realiza experi√™ncias estranhas e constr√≥i m√°quinas enigm√°ticas. Sua esmeralda constr√≥i patrulha nos terrenos de sua cidadela, e ele √© visto apenas raramente quando se aventura em incumb√™ncias nefastas que terminam em gritos horr√≠veis e estranhas luzes vindas de sua cidadela. Agora voc√™ acredita que ele est√° mantendo seus amigos em cativeiro. Para resgat√°-los - e potencialmente adquirir algum saque ao longo do caminho - voc√™ parte para invadir seu santu√°rio interior - a partir do in√≠cio do jogador."
DCC #68: Os Seres da Ravina,Dungeon Crawl Classics,Joseph Goodman,Maria Luiza Pinto Ribeiro,2022,Dungeon,Indispon√≠vel,,https://i.imgur.com/IzUMrGf.png,"Faz anos desde que a √∫ltima virgem foi sacrificada; e agora a besta desperta mais uma vez! Cada gera√ß√£o trope√ßa em tent√°culos ondulantes do seu lugar de descanso nas profundezas do grande desfiladeiro, sua imensa massa gordurosa devastando a terra antes de retornar ao sono por d√©cadas. Mas desta vez √© diferente. A Grande Besta ataca com intelig√™ncia; bandos de homens de t√∫nica cinza sem rosto emergem das profundezas tenebrosas, reunindo os tent√°culos vagantes da besta diante deles. O povo enigm√°tico do po√ßo vive apesar da passagem dos s√©culos! A terra treme todas as noites ao reunir ainda mais os tent√°culos primordiais, enquanto os alde√µes perguntam: algu√©m √© corajoso o suficiente para colocar a espada nessa amea√ßa?"
DCC Lankhmar: M√°scaras de Lankhmar,Dungeon Crawl Classics,Michael Curtis,?,2022,?,Indispon√≠vel,,"https://m.media-amazon.com/images/I/714UW3eZ9pL._AC_UF894,1000_QL80_.jpg","Um assalto que deu errado re√∫ne um improv√°vel grupo de ladr√µes e inicia uma busca por tesouros esquecidos escondidos na Cidade do Black Toga! Nossos her√≥is de car√°ter moral duvidoso podem sobreviver √† persegui√ß√£o conturbada ao atravessar a Plaza of Dark Delights, cruzar o caminho com Sheelba da Face Sem Olhos e mergulhar em um dos edif√≠cios mais estranhos de Lankhmar? N√£o se a Guilda dos Ladr√µes conseguir!

M√°scaras de Lankhmar √© a aventura inaugural escrita para a nova linha de suplementos DCC Lankhmar da Goodman Games, produzida com a aprova√ß√£o do Estate of Fritz Leiber. Esta aventura de 1¬∫ n√≠vel foi especialmente projetada para iniciar um jogo do DCC Lankhmar na cidade de Sevenscore Thousand Smokes e fornece ao juiz os meios perfeitos para reunir os jogadores e iniciar a campanha. Ou seja, supondo que eles sobrevivam, √© claro!"
DCC #70: As Joias de Carnifex,Dungeon Crawl Classics,Harley Stroh,?,2022,Dungeon,Indispon√≠vel,,https://newsrpg.wordpress.com/wp-content/uploads/2021/12/paginas-de-dcc70_joiasdecarnifex_distribuicaodigital_29122021.indd-1-600x767-1.jpg?w=600,"No final de um beco esquecido, no mercado de religi√µes estranho e sobrenatural conhecido como o Bazar dos Deuses, ficam as ru√≠nas de uma capela esquecida. Antigamente o culto do Carnifex era celebrado em toda a Cidade das Mil Portas. Mas um bando de guerreiros sagrados se levantou contra o culto de carrascos e torturadores, derrubando seus sinais e espalhando seus devotos aos ventos. O destino da deusa ct√¥nica e ‚Äì mais importante ‚Äì suas joias lend√°rias permanecem um mist√©rio‚Ä¶ at√© esta noite.

Situado em meio √† decad√™ncia de Punjar, Jewels of the Carnifex oferece aos aventureiros de baixo n√≠vel a chance de sondar os mist√©rios sob as ruas sujas da cidade, explorar criptas esquecidas repletas de artefatos estranhos e ‚Äì para os r√°pidos e ousados ‚Äì reivindicar as joias perdidas de o Carnifex!"
O Labirinto de YDDGRRL,Dungeon Crawl Classics,"Michael Curtis, Henry Curtis",Gustavo Moscardo Domingues,2022,Dungeon,Gratuito,https://dadosestranhos.itch.io/o-labirinto-de-yddgrrl,https://i.imgur.com/jqSwwHf.png,"As ra√≠zes de Yddgrrl (pronuncia-se ID-gur-rul) bebem
de infinitos mundos, alimentando a √°rvore tit√¢nica
que fica no cora√ß√£o do multiverso. Em troca de tirar
seu sustento desses in√∫meros reinos, a √Årvore do Mundo garante vitalidade para todas as coisas que florescem. H√° poder na seiva de Yddgrrl, e alguns buscam esse poder para si, sugando a seiva das ra√≠zes da √Årvore Mundo como vampiros. No cora√ß√£o da Floresta Afiada, uma mata sombria e primitiva, os Orcs Esmaga-Garganta descobriram uma das ra√≠zes de Yddgrrl e est√£o se aproveitando de seu poder. Agora, com seus corpos repletos com a seiva poderosa da √Årvore Mundo, eles voltam sua aten√ß√£o para a conquista das terras al√©m da floresta. Ser√° que os PJs conseguem deter essa estranha horda crescente antes que seja tarde demais?"
O Portal Sob as Estrelas,Dungeon Crawl Classics,Joseph Goodman,?,2022,Dungeon,Gratuito,https://dadosestranhos.itch.io/o-portal-sob-as-estrelas,https://i.imgur.com/UAcfTSO.png,"Uma aventura de n√≠vel 0-1 para DCC RPG

Em busca de riquezas e fugindo de suas vidas como camponeses, os personagens investigam um portal sobrenatural que aparece apenas uma vez a cada meio s√©culo quando as estrelas se alinham. O portal leva at√© a tumba onde fora enterrado um feiticeiro-de-guerra de eras passadas. Os personagens dever√£o enfrentar homens de ferro, serpentes demon√≠acas, mortos-vivos e uma variedade de estranhas est√°tuas para obterem os tesouros deixados por ele."
Atoleiro dos Homens Derretidos,Knave 2e,Moira Games,--,2024,Dungeon,"Pago (4 USD, R$ 35)","https://moira-games.itch.io/morass-of-the-melting-men
https://www.caramelojogos.com.br/atoleiro-dos-homens-derretidos-fisico",https://i.imgur.com/Ky6IVrn.png,"Nessas terras nojentas, h√° uma linha t√™nue entre a vit√≥ria e um atoleiro.

Atoleiro dos Homens Derretidos √© uma aventura facilmente adapt√°vel para o seu jogo de fantasia preferido. Nessa masmorra, os jogadores adentram uma loca√ß√£o inundada por uma gosma m√°gica exalando energia ca√≥tica. Quanto mais os personagens permanecem dentro da mans√£o, mais eles sofrem os efeitos inesperados dessa magia alien√≠gena.

Entre na masmorra se tiver coragem: h√° tesouros e gosma √† espreita... mas principalmente gosma."
Carcar√°!,Mausritter,Gustavo Foletto,--,2024,Local de aventura,Pago (3 USD),https://foletto.itch.io/carcara,https://i.imgur.com/AdbSpHe.png,"CARCAR√Å! √© um local de aventura que leva o nome do falc√£o sul-americano. Os ratos se encontram em um jardim abandonado sob o controle deste predador.

Theobaldo, o Carcar√° √© conhecido por esconder um tesouro incr√≠vel em seu ninho no topo da √°rvore mais alta do jardim abandonado. E enquanto ele dorme quando os ratos chegam em seu territ√≥rio, ele pode acordar a qualquer momento!"
MausRatos #1: A Casa de Gaspar,Mausritter,V√°rios,--,2020,Dungeon,Gratuito,https://mausratosbr.itch.io/mausratos1,https://img.itch.zone/aW1hZ2UvODY2Mzc5LzQ4NjU3NjYucG5n/794x1000/Rn6NSD.png,"Hohoho!

Mais uma bela e fria noite de Natal se aproxima. Na regi√£o fria de Serra da Gorgonza, os agitados e felizes camundongos est√£o dispostos a tomar aventuras, mas ser√° que ousariam chegar perto das perigosas vilas de gatos √† longas dist√¢ncias? "
MausRatos #2: JERRY D61F,Mausritter,V√°rios,--,2020,Hexcrawl,Gratuito,https://mausratosbr.itch.io/mausratos2,https://img.itch.zone/aW1hZ2UvMTE0NDUxMy82NjQxODc3LnBuZw==/794x1000/TrJZy0.png,"Os MausRatos est√£o indo para onde nenhum ratinho foi ainda! Ao espa√ßo... üöÄü™êüí´

Em ru√≠nas de uma antiga nave humana, os camundongos lutam por sobreviv√™ncia mas nada √© t√£o f√°cil com outras esp√©cies alien√≠genas e um culto √† grande minhoca surgindo por entre seus c√¥modos.

Interpretem ratinhos comuns ou alien√≠genas e explore planetas ou essa zine! "
Hortens√≠lia,Mausritter,Igor T√©uri,--,2024,Hexcrawl,Pago (R$ 39),https://www.caramelojogos.com.br/hortensilia,https://i.imgur.com/G93nfKX.png,"Um local de aventura para Mausritter, por Igor T√©uri"
"Rua Downing, n√∫mero 10",Mausritter,Hugh Lashbrooke,Igor T√©uri,2024,Sandbox,Pago (R$ 69),https://www.caramelojogos.com.br/rua-10-downing-numero-10-fisico-digital,https://i.imgur.com/IaB7s1w.png,"A campanha inclui um cen√°rio completo na casa real do primeiro-ministro brit√¢nico. Dentro, voc√™ encontrar√° 11 linhas de miss√µes e 5 miss√µes prontas para jogar que criam uma hist√≥ria coesa em todo o local. Inclui tudo o que voc√™ precisa para executar uma campanha completa de Mausritter que encantar√° seus jogadores e proporcionar√° muitos meses de aventura para qualquer mesa de jogo."
Magi C√≠trico,Mausritter,Kakapo,--,2024,Local de aventura,Pago (2 USD),https://kak4p0.itch.io/magi-citrico,https://i.imgur.com/d4PV1IN.png,"Magi C√≠trico apresenta um local de aventura nos arredores de um po√ßo humano a muito tempo abandonado, ao lado dele, uma laranjeira cresce e espalha um aroma c√≠trico pelo ar.

 Junte seu grupo de ratinhos, prepare seus equipamentos e aventure-se entre cultistas e uma gangue de r√©pteis ladr√µes enquanto descobrem se os boatos sobre uma bruxa misteriosa que se esconde na regi√£o s√£o reais."
A Caverna do Crato,Mausritter,Marco Fischer,--,2024,Local de aventura,Gratuito,https://capitaofischer.itch.io/a-caverna-do-crato,https://img.itch.zone/aW1nLzE4NjkzMjUyLmpwZw==/347x500/P79pQe.jpg,"Uma aventura de Mausritter feita para a RequeiJam 2024, inspirada na pr√©-hist√≥ria do Crato cearense."
CL1: O Forte das Terras Marginais,Old Dragon 2,Rafael Beltrame,--,"2012, 2017","Sandbox, Funil","Pago (R$ 19 digital, R$ 89 f√≠sico)",https://olddragon.com.br/livros/cl1,https://public.olddragon.com.br/cllmyzxo4ba6vbpbmjr0jb10q7nw,"- Aventura Total: esta aventura est√° adaptada com estat√≠sticas individualizadas e pode ser usada para qualquer grupo de personagem do 1¬∫ ao 9¬∫ n√≠vel.
- Pre√¢mbulo introdut√≥rio para jogadores iniciantes que desejam mestrar sua primeira aventura ou conhecer o maravilhoso mundo do RPG Old School.
- Diagrama√ß√£o moderna com mapas totalmente legendados, iconografia pr√≥pria para identifica√ß√£o de elementos e blocos de estat√≠sticas perfeitamente identificados.
- Escrita no estilo ‚Äúcaixa de areia‚Äù, a aventura permite uma maior gama de escolha por parte dos jogadores, sem que prenda toda a hist√≥ria a uma linha r√≠gida de come√ßo, meio e fim.
- Aventura Funil tem√°tica ambientada nas Terras Marginais. Jogue o come√ßo da sua campanha e crie seu her√≥i e personagem dentro da pr√≥pria hist√≥ria.
- Ap√™ndices com estat√≠sticas de monstros separados por est√°gio, para o mestre jamais perder o controle de nenhum encontro, de nenhum monstro!"
NC1: O Templo Perdido de Thur-Amon,Old Dragon 2,Rafael Beltrame,--,2023 ?,Sandbox,"Pago (R$ 14 digital, R$ 24 f√≠sico)",https://olddragon.com.br/livros/nc1,https://public.olddragon.com.br/wkwwi6xu6cf8ozl41sz1leayybff,"- O Templo Perdido de Thur-Amon √© uma aventura da s√©rie Novos Cl√°ssicos (NC) e uma √≥tima op√ß√£o para ser inserida na sua campanha.
- Aventura Total: esta aventura est√° adaptada com estat√≠sticas individualizadas e pode ser usada para qualquer grupo de personagem do 1¬∫ ao 9¬∫ n√≠vel.
- Aventura da s√©rie Novos Cl√°ssicos (NC) que pode ser jogada isoladamente ou em sequ√™ncia com outras aventuras da s√©rie NC, sendo uma √≥tima op√ß√£o para ser inserida em qualquer campanha.
- Diagrama√ß√£o moderna com mapas totalmente legendados, iconografia pr√≥pria para identifica√ß√£o de elementos e blocos de estat√≠sticas perfeitamente identificados.
- Ap√™ndices com estat√≠sticas de monstros separados por est√°gio, para o Mestre jamais perder o controle de nenhum encontro, de nenhum monstro!"
NC2: O Monte do Desbrio,Old Dragon 2,Antonio S√° Neto,--,2023 ?,Sandbox,"Pago (R$ 14 digital, R$ 24 f√≠sico)",https://olddragon.com.br/livros/nc2,https://public.olddragon.com.br/f0vug3y1lhptxm6jps78txt8ulpv,"- O Monte do Desbrio √© uma aventura da s√©rie Novos Cl√°ssicos (NC) e uma √≥tima op√ß√£o para ser inserida na sua campanha.
- Aventura Total: esta aventura est√° adaptada com estat√≠sticas individualizadas e pode ser usada para qualquer grupo de personagem do 1¬∫ ao 9¬∫ n√≠vel.
- Aventura da s√©rie Novos Cl√°ssicos (NC) que pode ser jogada isoladamente ou em sequ√™ncia com outras aventuras da s√©rie NC, sendo uma √≥tima op√ß√£o para ser inserida em qualquer campanha.
- Escrita no estilo ‚Äúcaixa de areia‚Äù, a aventura permite uma maior gama de escolha por parte dos jogadores, sem prender toda a hist√≥ria a uma linha r√≠gida de come√ßo, meio e fim.
- Diagrama√ß√£o moderna com mapas totalmente legendados, iconografia pr√≥pria para identifica√ß√£o de elementos e blocos de estat√≠sticas perfeitamente identificados."
JA1: O Santu√°rio Esquecido,Old Dragon 2,Marcelo P. Augusto,--,2023 ?,Sandbox,"Pago (R$ 14 digital, R$ 24 f√≠sico)",https://olddragon.com.br/livros/ja1,https://public.olddragon.com.br/23a3yug99da32oa2got1y13vbx5y,"- Ambientada em Valansia (cen√°rio oficial de Old Dragon 2), mas adapt√°vel para outros cen√°rios, O Santu√°rio Esquecido faz parte da s√©rie Jornadas Aleat√≥rias (JA) e √© uma √≥tima op√ß√£o para ser inserida na sua campanha.
- Aventura Total: esta aventura est√° adaptada com estat√≠sticas individualizadas e pode ser usada para qualquer grupo de personagem do 1¬∫ ao 9¬∫ n√≠vel.
- Aventura da s√©rie Jornadas Aleat√≥rias (JA) que pode ser jogada isoladamente ou em sequ√™ncia com outras aventuras da s√©rie JA, sendo uma √≥tima op√ß√£o para ser inserida em qualquer campanha.
- Diagrama√ß√£o moderna com mapas totalmente legendados, iconografia pr√≥pria para identifica√ß√£o de elementos e blocos de estat√≠sticas perfeitamente identificados.
- Ap√™ndices com estat√≠sticas de monstros separados por est√°gio, para o Mestre jamais perder o controle de nenhum encontro, de nenhum monstro!"
TU1: A √öltima Caravana do Outono,Old Dragon 2,Antonio S√° Neto,--,2023 ?,Dungeon,"Pago (R$ 14 digital, R$ 24 f√≠sico)",https://olddragon.com.br/livros/tu1,https://public.olddragon.com.br/h8bq8abx0q4hl4czgpnax1xg1t1c,"- A √öltima Caravana do Outono √© uma aventura da S√©rie Tutorial (TU) e uma op√ß√£o perfeita para come√ßar sua longa campanha no fant√°stico mundo do Old Dragon.
- Aventura Tutorial: totalmente criada para ser a primeira aventura de um Mestre de Old Dragon, com todos os conceitos e as regras b√°sicas inseridas de modo did√°tico e simplificado ao longo da hist√≥ria.
- Aprenda os principais conceitos de como se tornar um Mestre de RPG com pequenas Li√ß√µes para Mestres e Jogadores ao longo do texto. Jogue, divirta-se e aprenda!
- Diagrama√ß√£o moderna com mapas totalmente legendados, iconografia pr√≥pria para identifica√ß√£o de elementos e blocos de estat√≠sticas perfeitamente identificados.
- Folha de Controle de Pontos de Vida pensada para Mestres iniciantes e folha de destaque de dados. Ajude os jogadores novatos a jamais se confundirem com os divertidos dados de RPG!"
TU2: A Tumba dos Reis Serpentes,Old Dragon 2,Skerples,"Esaac Lima, Antonio S√° Neto",2023 ?,Dungeon,Gratuito,https://olddragon.com.br/livros/tu2,https://public.olddragon.com.br/lxahd4d6ul5hf80uilu3o0x3bzk1,"- Aventura Tutorial: adaptada para ser a primeira explora√ß√£o de masmorra de jogadores novatos no RPG, Mestres que querem aprender sobre design de masmorras, e/ou novatos no modo de RPG Old School.
- Pequenas Li√ß√µes para Mestres e Jogadores ao longo do texto sobre o design de masmorras. Jogue, divirta-se e aprenda!
- Diagrama√ß√£o moderna com mapas totalmente legendados, iconografia pr√≥pria para identifica√ß√£o de elementos no mapas e blocos de estat√≠sticas perfeitamente identificados.
- Criaturas identificadas com precis√£o, fichas resumidas com acompanhamento de pontos de vida e a publica√ß√£o de uma nova criatura, a S√∫cubo!"
OD Day 2011 Remaster: A √Årvore Morta dos Kobolds Infernais,Old Dragon 2,"Fabiano Neme, Igor T√©uri",--,"2011, 2023 ?",Dungeon,Gratuito,https://olddragon.com.br/livros/odday11,https://public.olddragon.com.br/iytaeqbwy02dpx4ov7u3m9oklbcv,"Esta aventura, lan√ßada originalmente para o OD Day 2011 e agora remasterizada para Old Dragon 2¬™ Edi√ß√£o, coloca os personagens em uma miss√£o de resgate repleta de mist√©rios e desafios. Contratados pelo bar√£o da Vila dos Listeiros, os her√≥is precisam investigar o desaparecimento de crian√ßas e descobrir o que as est√° atraindo para uma antiga √°rvore morta nos arredores da cidade."
OD Day 2012 Remaster: O Templo dos Desmortos,Old Dragon 2,"Rafael Beltrame, Igor T√©uri",--,"2012, 2023 ?",Dungeon,Gratuito,https://olddragon.com.br/livros/odday12,https://public.olddragon.com.br/nux4vn9c4pfw8fj1dqaj3bzgtowb,"Nesta aventura, lan√ßada originalmente para o OD Day 2012 e agora remasterizada para Old Dragon 2¬™ Edi√ß√£o, os personagens s√£o chamados para enfrentar as for√ßas sombrias que corromperam um templo esquecido e amea√ßam uma vila isolada. Em uma experi√™ncia de horror e mist√©rio, esta one-shot desafia os jogadores a enfrentar perigos inesperados em meio a segredos antigos e amea√ßas sinistras."
OD Day 2013 Remaster: A Seita do Abismo,Old Dragon 2,"Igor Moreno, Igor T√©uri",--,"2013, 2023 ?",Dungeon,Gratuito,https://olddragon.com.br/livros/odday13,https://public.olddragon.com.br/hqnoudi6bt63n4o5qmm3sfqt3d0m,"Esta aventura, lan√ßada originalmente para o OD Day 2013 e agora remasterizada para Old Dragon 2¬™ Edi√ß√£o, transporta os jogadores para os arredores de Vila Auroque, onde misteriosos desaparecimentos levam os personagens a investigar e confrontar for√ßas sombrias. Os jogadores enfrentar√£o escolhas dif√≠ceis e perigos extremos ao confrontar o l√≠der de uma seita e seus seguidores em um ritual sombrio."
OD Day 2014 Remaster: A Fortaleza Sombria,Old Dragon 2,"Rafael Beltrame, Igor T√©uri",--,"2014, 2023 ?",Dungeon,Gratuito,https://olddragon.com.br/livros/odday14,https://public.olddragon.com.br/zqsaz705482i9mbo2zoq7amvkygn,"Esta aventura, lan√ßada originalmente para o OD Day 2014 e agora remasterizada para Old Dragon 2¬™ Edi√ß√£o, leva os jogadores ao pacato vilarejo de Rommlet, que encontra-se abalado por sinais do retorno de uma antiga amea√ßa. Guiados pelo burgomestre Grildo, os aventureiros enfrentar√£o desafios √∫nicos enquanto investigam os rumores e confrontam os perigos que se escondem nas ru√≠nas da Fortaleza."
OD Day 2015 Remaster: Fuga nas Terras B√°rbaras,Old Dragon 2,"Rafael Beltrame, Igor T√©uri",--,"2015, 2023 ?",Sandbox,Gratuito,https://olddragon.com.br/livros/odday15,https://public.olddragon.com.br/dzm5jdyj8tf81lj02lpl66vbu86a,"Esta aventura, lan√ßada originalmente para o OD Day 2015 e agora remasterizada para Old Dragon 2¬™ Edi√ß√£o, desafia os jogadores a escapar das garras da escravid√£o e encontrar a liberdade em um territ√≥rio hostil, onde cada escolha pode significar a sobreviv√™ncia ou a ru√≠na."
OD Day 2016 Remaster: Maldi√ß√£o na Garra da Mant√≠cora,Old Dragon 2,"Rafael Beltrame, Igor T√©uri",--,"2016, 2023 ?",Sandbox,Gratuito,https://olddragon.com.br/livros/odday16,https://public.olddragon.com.br/4a3ldldl7ir5fr15a1t1ebhhdri2,"Esta aventura, lan√ßada originalmente para o OD Day 2016 e agora remasterizada para Old Dragon 2¬™ Edi√ß√£o, combina pirataria e horror em uma expedi√ß√£o perigosa at√© um navio fantasma. Os aventureiros devem explorar os destro√ßos da Donzela Carmesim, enfrentar seus espectros vingativos e desvendar os segredos de uma trai√ß√£o fatal."
OD Day 2021: Os SaloÃÉes Eternos de Thalaknasus,Old Dragon 2,Antonio S√° Neto,--,2021,"Hexcrawl, Dungeon",Gratuito,https://olddragon.com.br/livros/odday21,https://public.olddragon.com.br/k5uiuhcxo0gqeuls9dvfybh6mrvd,"Esta aventura, repleta de enigmas e mist√©rios, desafia os aventureiros a sobreviver e escapar de um mausol√©u antigo e enigm√°tico."
OD Day 2022: Os Ap√≥statas do Deus Polvo,Old Dragon 2,Antonio S√° Neto,--,2022,Local de aventura,Gratuito,https://olddragon.com.br/livros/odday22,https://public.olddragon.com.br/oymfxzymrczj3ol0hjzxuzzvtq5u,"A aventura do OD Day 2022 √© repleta de mist√©rios e trai√ß√µes, levando os jogadores a um mundo onde nada √© o que parece."
OD Day 2023: O Covil Flamejante de Rezingar,Old Dragon 2,Raul Galli Alves,--,2023,Dungeon,Gratuito,https://olddragon.com.br/livros/odday23,https://public.olddragon.com.br/o15sc5207pl834zq6icg57azh0nz,"Esta aventura, lan√ßada para o OD Day 2023, √© perfeita para qualquer campanha e desafia os jogadores a escapar de uma pris√£o com o pouco que tiverem √† disposi√ß√£o e a enfrentar perigos inesperados."
OD Day 2024: Incurs√£o ao Charco das Feras,Old Dragon 2,Rafael Beltrame,--,2024,Sandbox,Gratuito,https://olddragon.com.br/livros/odday24,https://public.olddragon.com.br/ippxn9w45hjyccc78twf1owq0uit,"Esta aventura, lan√ßada para o OD Day 2024, leva os jogadores a explorar as ru√≠nas esquecidas e os perigos ocultos no cora√ß√£o de Valansia. Ideal para campanhas de explora√ß√£o e sobreviv√™ncia, os personagens ter√£o que lidar com os segredos de uma civiliza√ß√£o perdida e os perigos de um ambiente pantanoso repleto de horrores."
Zigurate ARKHImancista,Old Dragon 2,"Samuel Hernandez, Leonardo Moreira",--,2023,Dungeon,"Pago (R$ 19 digital, R$ 89 f√≠sico)",https://olddragon.com.br/livros/arkhi,https://public.olddragon.com.br/bd6nokcndtgoxvrblrx449ok11ik,"Fantasia Estranha num Deserto de Dunas Negras
- Descri√ß√£o completa do cen√°rio de ARKHI: sua hist√≥ria, cronologia e divindades, al√©m da sua paisagem e seus habitantes misteriosos e sobreviventes.
- Listas e descri√ß√µes completas de mais de trinta Marcos do Deserto de Lumn, representando suas topografias, cidades, acampamentos, ru√≠nas e locais fant√°sticos.
- Sistema completo de explora√ß√£o, navega√ß√£o e sobreviv√™ncia no Deserto de Lumn, com regras para cria√ß√£o e movimenta√ß√£o nas dunas, encontros e fen√¥menos naturais mortais.
- Besti√°rio completo com mais de oitenta criaturas t√≠picas de ARKHI, dos terr√≠veis insetoides Antlions aos temidos, misteriosos e superiores ARKHImancistas.
- O Zigurate ARKHImancista, uma aventura completa ambientada no Pal√°cio da Noite e suas criaturas horrendas, corredores labir√≠nticos e imensos tesouros.
- Regras pr√≥prias para aventurar-se no deserto de Lumn e ap√™ndices com magias, equipamentos e armas de materiais pouco usuais!"
Pen√≠nsula Ancestral #1,"Old Dragon 2, d20age, Old-School Essentials","Guilherme Providello, √çcaro Agostino, Geraldo ""Oldsky"" Marino",--,2024,"Hexcrawl, Sandbox",Gratuito,https://peninsulancestral.itch.io/peninsulaancestral01,https://i.imgur.com/2b4ItSf.png,"Pen√≠nsula Ancestral √© um cen√°rio de campanha de Hexcrawl inspirado em Oil Fantasy. Tematicamente, trata-se de uma analogia da Campanha Romana para dominar a Pen√≠nsula Ib√©rica controlada pelos povos Celtas e √çberos.

Esse tema √© uma met√°fora das campanhas coloniais e das lutas anti-coloniza√ß√£o. Por esse motivo, o objetivo n√£o √© ser historicamente correto, mas sim criar uma fantasia derivativa, em que buscamos problematizar a coloniza√ß√£o e dar protagonismo aos povos que lutam contra ela - usar a fantasia como uma chance de fazer diferente, de talvez vencer.
- 10 Hexes detalhados com Covil de Criaturas, NPCs, Vilarejos, Bosques, Florestas e Planaltos.
- 4 criaturas in√©ditas compat√≠veis com o cl√°ssico basic/expert, entre elas a m√≠tica F√™nix e uma Bruxa Imortal.
- Uma Linha do Tempo contando os principais eventos hist√≥ricos do cen√°rio.
- Calend√°rio com Fases da Lua e esta√ß√µes, ferramentas para simular o Clima de cada esta√ß√£o.
- 5 Mapa de Cen√°rios para explora√ß√£o de ermos, vilas e cavernas.
- Compat√≠vel com os principais sistemas OSR da primeira gera√ß√£o."
A Princesa Safira,"Old Dragon 2, Old-School Essentials, Tormenta 20",Igor T√©uri,--,2021,Local de aventura,Gratuito,https://igorteuri.itch.io/princesa-safira,https://teuri.notion.site/image/https%3A%2F%2Fprod-files-secure.s3.us-west-2.amazonaws.com%2F5953ce3a-969b-46dd-a6e1-72e61cff50f6%2F0353b73c-abb6-4522-9776-8d651d881957%2Fcapa_princesa_safira.png?table=block&id=bd77f5d0-5c7a-43d1-a83d-cf3621bd20d5&spaceId=5953ce3a-969b-46dd-a6e1-72e61cff50f6&width=1260&userId=&cache=v2,E se o tropo cl√°ssico de salvar a princesa do drag√£o fosse repensado?  Trata-se de uma aventura de explora√ß√£o de masmorra que pode ser jogada em uma ou mais sess√µes. 
O Buraco no Carvalho,Old-School Essentials,Gavin Norman,"Maria Luiza Ribeiro, RPG Planet",2023,Dungeon,Pago (R$ 80),https://www.rpgplanet.com.br/product-page/o-buraco-no-carvalho-aventura-old-school,https://i.imgur.com/BLGKs8X.png,"O autor Gavin Norman (Old-School Essentials) entrega uma aventura de RPG intensamente calcada nos preceitos dos jogos da velha-guarda, mas com um tempero de praticidade moderna! Um intrigante portal se revela no tronco enrugado de um antigo carvalho, transportando corajosos aventureiros para um mundo subterr√¢neo repleto de maravilhas e perigos. Esse √© o ponto de partida para uma jornada √©pica, onde personagens de 1¬∫ a 2¬∫ n√≠vel embarcar√£o em uma expedi√ß√£o cl√°ssica por um submundo m√≠tico."
A Caverna dos Ancestrais,Old-School Essentials,Diogo Nogueira,--,2022,Dungeon,Indispon√≠vel,,https://i.imgur.com/aM2x2sg.png,"Os habitantes de Lakit vivem ao sul de uma colina pedregosa que abriga uma pequena caverna, onde enterram seus ancestrais. A caverna tamb√©m serve como um elo entre eles e os s√°bios esp√≠ritos que nela residem. A caverna √© utilizada em rituais de inicia√ß√£o aos costumes do Povo do Vale para aqueles que s√£o rec√©m-chegados.

A Caverna dos Ancestrais √© uma aventura introdut√≥ria para personagens de n√≠veis baixos que usa as regras apresentadas no suplemento Fire & Fangs em conjunto com o Tomo de Regras de Old-School Essentials."
D√≠vida de Sangue,Old-School Essentials,Marcelo Pascon,--,2023,Dungeon,Indispon√≠vel,,https://i.imgur.com/fNFsp9k.png,"D√≠vida de Sangue apresenta um local de aventura em um complexo de criptas, onde os personagens embarcam em uma corrida contra o tempo para evitar que uma vampira realize um ritual macabro capaz de aniquilar o sol."
Infesta√ß√£o Sombria,Selfantasy,Reaver Workshop,--,2025,Solo-play,Pago (2 USD),https://reaver-workshop.itch.io/selfantasy,https://i.imgur.com/zSqb9QO.png,"Uma doen√ßa misteriosa infestou o vilarejo e o n√∫mero de doentes aumenta cada vez mais. Ap√≥s alguns dias de grande fraqueza f√≠sica e del√≠rio os infectados ficam em estado catat√¥nico, exigindo aten√ß√£o e cuidado total daqueles que permanecem saud√°veis. Os suprimentos do vilarejo est√£o acabando e a situa√ß√£o est√° cada vez mais ca√≥tica."
Aldriathar,Shadowlords‚Ñ¢ Mini System‚Ñ¢ 3¬™ Edi√ß√£o,Renato B. Sass,--,2024,Mega-dungeon,Gratuito,https://humanranger.itch.io/aldriathar,https://i.imgur.com/db6JlTR.png,"Nas profundezas onde o tempo se dissolve e o sil√™ncio sussurra segredos antigos, ergue-se Aldriathar, O Covil dos Esquecidos. Este mega-calabou√ßo √© um organismo vivo, pulsante, cuja estrutura e desafios se moldam a cada passo dos aventureiros. Criado com meticuloso cuidado, Aldriathar proporciona uma experi√™ncia de jogo √∫nica, onde o acaso e a imprevisibilidade emergem como protagonistas em uma narrativa envolvente.

O calabou√ßo √© um enigma a ser desvendado, um teste para os corajosos que ousam explor√°-lo. As vastas e variadas situa√ß√µes que se apresentam, cuidadosamente orquestradas para proporcionar uma jogabilidade din√¢mica, fluida e cativante, fazem de Aldriathar um lugar onde o inesperado se torna rotina e onde cada decis√£o pode significar a diferen√ßa entre a sobreviv√™ncia e a perdi√ß√£o.

Aldriathar foi projetada para desafiar e encantar. As tabelas que comp√µem seu n√∫cleo ‚Äì desde encontros misteriosos at√© fen√¥menos inexplic√°veis, c√¢maras enigm√°ticas e salas trai√ßoeiras ‚Äì garantem que nenhuma explora√ß√£o seja igual √† anterior. Cada incurs√£o √†s suas passagens perdidas √© uma nova jornada, um novo conto forjado nas sombras de suas profundezas. Prepare-se para entrar em um mundo onde a masmorra respira e segredos antigos aguardam para serem descobertos! Seja em modo solo, coop ou com um mestre/narrador, Aldriathar √© um convite √† mais genu√≠na explora√ß√£o."